{
    "loss": -0.7426470588235294,
    "space": [
        0.07,
        0.7000000000000001,
        0.9,
        0.01
    ],
    "status": "ok"
}